{ "height":8,
 "layers":[
        {
         "data":[12, 12, 12, 12, 12, 12, 12, 12, 12, 12, 12, 12, 12, 12, 12, 12, 12, 10, 12, 12, 12, 12, 12, 12, 12, 12, 10, 10, 10, 10, 12, 12, 12, 12, 12, 12, 12, 12, 12, 12, 12, 10, 10, 10, 10, 10, 12, 12, 12, 12, 10, 10, 10, 10, 10, 12, 12, 12, 12, 12, 12, 12, 12, 12, 12, 12, 10, 12, 12, 12, 12, 12, 12, 12, 12, 12, 12, 12, 10, 12, 12, 12, 12, 12, 12, 12, 12, 12, 12, 12, 12, 12, 12, 12, 12, 12],
         "height":8,
         "name":"Tile Layer 1",
         "opacity":1,
         "type":"tilelayer",
         "visible":true,
         "width":12,
         "x":0,
         "y":0
        }, 
        {
         "data":[0, 0, 0, 0, 0, 0, 0, 0, 0, 0, 0, 0, 0, 0, 0, 0, 0, 0, 0, 0, 0, 0, 0, 0, 0, 0, 0, 0, 0, 21, 0, 0, 0, 0, 0, 0, 0, 0, 0, 0, 0, 0, 0, 0, 21, 0, 0, 0, 0, 0, 0, 21, 0, 0, 0, 0, 0, 0, 0, 0, 0, 0, 0, 0, 0, 0, 21, 0, 0, 0, 0, 0, 0, 0, 0, 0, 0, 0, 0, 0, 0, 0, 0, 0, 0, 0, 0, 0, 0, 0, 0, 0, 0, 0, 0, 0],
         "height":8,
         "name":"Tile Layer 2",
         "opacity":1,
         "type":"tilelayer",
         "visible":true,
         "width":12,
         "x":0,
         "y":0
        }, 
        {
         "data":[0, 0, 0, 0, 0, 0, 0, 0, 0, 0, 0, 0, 0, 0, 0, 0, 0, 28, 0, 0, 0, 0, 0, 0, 0, 0, 32, 0, 0, 0, 0, 0, 0, 0, 0, 0, 0, 0, 0, 0, 0, 0, 31, 0, 0, 28, 0, 0, 0, 0, 28, 0, 0, 27, 0, 0, 0, 0, 0, 0, 0, 0, 0, 0, 0, 0, 0, 0, 0, 0, 0, 0, 0, 0, 0, 0, 0, 0, 28, 0, 0, 0, 0, 0, 0, 0, 0, 0, 0, 0, 0, 0, 0, 0, 0, 0],
         "height":8,
         "name":"Tile Layer 3",
         "opacity":1,
         "type":"tilelayer",
         "visible":true,
         "width":12,
         "x":0,
         "y":0
        }],
 "nextobjectid":1,
 "orientation":"orthogonal",
 "renderorder":"right-down",
 "tileheight":116,
 "tilesets":[
        {
         "columns":20,
         "firstgid":1,
         "image":"..\/images\/tile.png",
         "imageheight":116,
         "imagewidth":2320,
         "margin":0,
         "name":"tile",
         "spacing":0,
         "tilecount":20,
         "tileheight":116,
         "tilewidth":116
        }, 
        {
         "columns":6,
         "firstgid":21,
         "image":"..\/images\/stuff.png",
         "imageheight":116,
         "imagewidth":696,
         "margin":0,
         "name":"stuff",
         "spacing":0,
         "tilecount":6,
         "tileheight":116,
         "tilewidth":116
        }, 
        {
         "columns":6,
         "firstgid":27,
         "image":"..\/images\/triggers.png",
         "imageheight":116,
         "imagewidth":696,
         "margin":0,
         "name":"triggers",
         "spacing":0,
         "tilecount":6,
         "tileheight":116,
         "tilewidth":116
        }],
 "tilewidth":116,
 "version":1,
 "width":12
}