{ "height":10,
 "layers":[
        {
         "data":[15, 15, 15, 15, 15, 15, 15, 15, 15, 15, 15, 15, 15, 14, 14, 14, 14, 15, 14, 14, 14, 14, 15, 15, 15, 14, 15, 15, 14, 15, 14, 15, 15, 14, 14, 14, 14, 14, 14, 14, 14, 15, 14, 14, 14, 14, 15, 15, 15, 15, 15, 15, 14, 15, 15, 15, 15, 14, 15, 15, 15, 14, 14, 14, 14, 15, 14, 14, 14, 14, 15, 15, 15, 14, 15, 14, 15, 15, 14, 15, 15, 14, 15, 15, 15, 14, 15, 14, 15, 14, 14, 14, 14, 14, 15, 15, 15, 14, 14, 14, 14, 14, 15, 15, 15, 15, 15, 15, 15, 15, 15, 15, 15, 15, 15, 15, 15, 15, 15, 15],
         "height":10,
         "name":"Tile Layer 1",
         "opacity":1,
         "type":"tilelayer",
         "visible":true,
         "width":12,
         "x":0,
         "y":0
        }, 
        {
         "data":[0, 0, 0, 0, 0, 0, 0, 0, 0, 0, 0, 0, 0, 0, 0, 0, 0, 0, 0, 0, 0, 0, 0, 0, 0, 0, 0, 0, 0, 0, 0, 0, 0, 0, 0, 0, 0, 0, 0, 0, 0, 0, 0, 0, 0, 0, 0, 0, 0, 0, 0, 0, 0, 0, 0, 0, 0, 0, 0, 0, 0, 0, 0, 0, 0, 0, 0, 0, 0, 0, 0, 0, 0, 0, 0, 0, 0, 0, 0, 0, 0, 0, 0, 0, 0, 0, 0, 0, 0, 0, 0, 0, 0, 0, 0, 0, 0, 0, 0, 0, 0, 0, 0, 0, 0, 0, 0, 0, 0, 0, 0, 0, 0, 0, 0, 0, 0, 0, 0, 0],
         "height":10,
         "name":"Tile Layer 2",
         "opacity":1,
         "type":"tilelayer",
         "visible":true,
         "width":12,
         "x":0,
         "y":0
        }, 
        {
         "data":[15, 15, 15, 15, 15, 15, 15, 15, 15, 15, 15, 15, 15, 32, 14, 14, 14, 15, 32, 14, 14, 30, 15, 15, 15, 14, 15, 15, 14, 0, 0, 0, 15, 14, 14, 31, 27, 0, 14, 14, 14, 0, 0, 0, 0, 14, 15, 15, 15, 0, 15, 15, 0, 0, 0, 0, 0, 0, 0, 15, 15, 14, 14, 3221225502, 0, 0, 0, 0, 14, 14, 15, 15, 15, 14, 15, 14, 15, 0, 14, 15, 15, 14, 15, 15, 15, 14, 15, 14, 15, 14, 2684354590, 14, 14, 32, 15, 15, 15, 32, 14, 14, 0, 14, 15, 15, 15, 15, 15, 15, 15, 15, 15, 15, 15, 0, 15, 15, 15, 15, 15, 15],
         "height":10,
         "name":"Tile Layer 3",
         "opacity":1,
         "type":"tilelayer",
         "visible":true,
         "width":12,
         "x":0,
         "y":0
        }],
 "nextobjectid":1,
 "orientation":"orthogonal",
 "renderorder":"right-down",
 "tileheight":116,
 "tilesets":[
        {
         "columns":20,
         "firstgid":1,
         "image":"..\/images\/tile.png",
         "imageheight":116,
         "imagewidth":2320,
         "margin":0,
         "name":"tile",
         "spacing":0,
         "tilecount":20,
         "tileheight":116,
         "tilewidth":116
        }, 
        {
         "columns":6,
         "firstgid":21,
         "image":"..\/images\/stuff.png",
         "imageheight":116,
         "imagewidth":696,
         "margin":0,
         "name":"stuff",
         "spacing":0,
         "tilecount":6,
         "tileheight":116,
         "tilewidth":116
        }, 
        {
         "columns":6,
         "firstgid":27,
         "image":"..\/images\/triggers.png",
         "imageheight":116,
         "imagewidth":696,
         "margin":0,
         "name":"triggers",
         "spacing":0,
         "tilecount":6,
         "tileheight":116,
         "tilewidth":116
        }],
 "tilewidth":116,
 "version":1,
 "width":12
}